,headline,description,url,byline,premium,image_url,article type
0,From Macron's original promise to the unraveling of an ideal,"'The Macron Years' (1/3). After ten years in power, Macron's movement, which emerged as an attractive mirage amid the barren political landscape of 2017, has turned into a fiasco. Those close to the president, who experienced their movement's self-dissolution firsthand, bitterly examine their track record, something Macron refuses to discuss.",https://www.lemonde.fr/en/politics/article/2026/09/30/from-macron-s-original-promise-to-the-unraveling-of-an-ideal_6758119_5.html,,True,https://img.lemde.fr/2026/09/30/0/306/3237/2158/400/266/75/0/d9f06e2_upload-1-fkv1weczqnkf-divergence-jfr0085048.jpg,
1,How Jordan Bardella's political youth was shaped by antisemitic ideology,no description,https://www.lemonde.fr/en/politics/article/2026/09/30/how-jordan-bardella-s-political-youth-was-shaped-by-antisemitic-ideology_6758113_5.html,,True,https://img.lemde.fr/2026/09/13/252/0/2000/1333/398/265/75/0/632099a_upload-1-ocodp4cfj6ng-rn-meetingrentre-e-asurp-209090.jpg,
2,What we know about the attempted hijacking of a Flydubai flight to Tel Aviv,no description,https://www.lemonde.fr/en/international/article/2026/09/30/what-we-know-about-the-attempted-hijacking-of-a-flydubai-flight-to-tel-aviv_6758116_4.html,,True,https://img.lemde.fr/2026/09/30/1/0/4722/3148/398/265/75/0/a19c6f1_ftp-1-gggpyjgt8jg1-2026-09-30t142117z-678887592-rc2qtnazazh1-rtrmadp-3-israel-gulf-flight.JPG,
3,Tracking methane leaks to slow global warming: European regulation project weakened by France's reversal,"Although Emmanuel Macron had pledged to reduce methane emissions from the fossil fuel sector, he ultimately called for the implementation of European legislation on the issue to be postponed, citing the energy crisis.",https://www.lemonde.fr/en/environment/article/2026/09/30/tracking-methane-leaks-to-slow-global-warming-european-regulation-project-weakened-by-france-s-reversal_6758122_114.html,,True,https://img.lemde.fr/2026/09/30/0/0/5071/3381/398/265/75/0/0b848d4_upload-1-nnp0xvppbz2u-000-628t79d.jpg,
4,"After Marseille's Old Port roundup is recognized as a crime against humanity, victims express relief: 'This is the end of collective indifference'","After a seven-year investigation prompted by victims’ campaigning, France’s National anti-terrorism prosecutor’s office has formally classified the joint Nazi and Vichy operation that affected 20,000 Marseille residents in January 1943.",https://www.lemonde.fr/en/france/article/2026/10/01/after-marseille-s-old-port-roundup-is-recognized-as-a-crime-against-humanity-victims-express-relief-this-is-the-end-of-collective-indifference_6758123_7.html,,True,https://img.lemde.fr/2026/09/30/0/0/8256/5504/398/265/75/0/be0a083_ftp-1-7e7u3ymnqeci-5227867-01-06.jpg,
5,US Court stays Christa Pike execution,"In 1995, the American woman was convicted of torturing and murdering her classmate, Colleen Slemmer, in Knoxville when she was 18. After spending 30 years on death row, she was scheduled to be killed by pentobarbital injection on Wednesday.",https://www.lemonde.fr/en/international/article/2026/09/30/christa-pike-set-to-become-first-woman-executed-in-tennessee-in-two-centuries_6758111_4.html,,True,https://img.lemde.fr/2026/09/28/0/0/7831/5220/398/265/75/0/ed907c9_ftp-1-eok212r7apnf-7def2b009ce84a9db07abeaa3197a6dc-0-36ae879b25bd4a1c856574b6ce59e42a.jpg,
6,'France's debt and economy are clearly taking on Italian characteristics',"What threatens France is not so much the risk of bankruptcy as the prospect of a slow decline similar to Italy's trajectory since the 1980s, writes Le Monde journalist Eric Albert in his column.",https://www.lemonde.fr/en/opinion/article/2026/09/30/france-s-debt-and-economy-are-clearly-taking-on-italian-characteristics_6758097_23.html,Eric Albert,True,https://img.lemde.fr/2026/06/25/0/0/6000/4000/664/442/75/0/ec93c65_ftp-1-7kecsz31punj-5439555-01-06.jpg,Column
7,Macron calls antisemitic allegations against Bardella 'extremely serious',no description,https://www.lemonde.fr/en/politics/article/2026/09/30/macron-calls-antisemitic-allegations-against-bardella-extremely-serious_6758118_5.html,,False,https://img.lemde.fr/2026/09/30/0/0/5899/3933/198/132/95/0/b448591_ftp-1-qgaxqqsmwf1v-2026-09-30t123006z-45378022-rc2otnazjdfv-rtrmadp-3-spain-france-politics.JPG,
8,Ronaldo leaves Portugal training camp after being benched during match with Norway,no description,https://www.lemonde.fr/en/sports/article/2026/09/30/ronaldo-leaves-portugal-training-camp-after-being-benched-during-match-with-norway_6758121_9.html,,False,https://img.lemde.fr/2026/09/30/1/0/4208/2805/198/132/95/0/b45521c_ftp-1-qt8mvc7hwndq-5230681-01-06.jpg,
9,Paris suburbs students speak out about injustice amid school blockades,no description,https://www.lemonde.fr/en/france/article/2026/09/30/paris-suburbs-students-speak-out-about-injustice-amid-school-blockades_6758103_7.html,,True,https://img.lemde.fr/2026/09/30/0/0/5727/3818/198/132/95/0/a0e646b_ftp-1-ygfrqby81kwb-2026-09-30t095954z-670682504-rc2ltnaksm07-rtrmadp-3-france-protest.JPG,
10,"France faces historic purchasing power crisis: Since 2024, families have lost €1,200/year on average",no description,https://www.lemonde.fr/en/economy/article/2026/09/30/france-faces-historic-purchasing-power-crisis-since-2024-families-have-lost-1-200-year-on-average_6758101_19.html,,True,https://img.lemde.fr/2026/09/23/287/0/5421/3614/198/132/95/0/66db233_upload-1-xpuzoamszqd5-15-cantine-solidaire.jpg,
11,UK PM Burnham says Iran 'played a part' in airbase incident,no description,https://www.lemonde.fr/en/international/article/2026/09/30/uk-pm-burnham-suggests-iran-involved-in-airbase-incident_6758117_4.html,,False,,
12,Six smugglers convicted in France over deadliest Channel migrant crossing,no description,https://www.lemonde.fr/en/france/article/2026/09/30/six-smugglers-convicted-in-france-over-deadliest-channel-migrant-crossing_6758120_7.html,,False,,
13,Macron says 'welcome back' after Burnham floats UK return to EU,no description,https://www.lemonde.fr/en/international/article/2026/09/30/macron-says-welcome-back-after-burnham-floats-uk-return-to-eu_6758109_4.html,,False,,
14,"In 'A Man of His Time,' Swann Arlaud plays a zealous minor civil servant under the Vichy regime",no description,https://www.lemonde.fr/en/culture/article/2026/09/30/in-a-man-of-his-time-swann-arlaud-plays-a-zealous-minor-civil-servant-under-the-vichy-regime_6758095_30.html,,True,,
15,Macron accuses rivals of 'legitimizing' French high school protest violence,no description,https://www.lemonde.fr/en/education/article/2026/09/30/macron-accuses-rivals-of-legitimizing-french-high-school-protest-violence_6758112_104.html,,False,,
16,Trump turns to self-regulation by industry leaders rather than new AI rules,no description,https://www.lemonde.fr/en/economy/article/2026/09/30/trump-turns-to-self-regulation-by-industry-leaders-rather-than-new-ai-rules_6758115_19.html,,True,,
17,"France to end 'one in, one out' immigration agreement with the United Kingdom",no description,https://www.lemonde.fr/en/international/article/2026/09/30/france-to-end-one-in-one-out-immigration-agreement-with-the-united-kingdom_6758094_4.html,,True,,
18,"Morocco appoints its first woman prime minister, Fatima Ezzahra El Mansouri",no description,https://www.lemonde.fr/en/international/article/2026/09/29/morocco-appoints-its-first-woman-prime-minister-fatima-ezzahra-el-mansouri_6758088_4.html,,True,,
19,"French public debt soars to 119% of GDP, highest level since 1946","France's debt stood at €3.596 trillion at the end of June, the country's national statistics institute said Tuesday. It is poised to climb even higher.",https://www.lemonde.fr/en/politics/article/2026/09/29/french-public-debt-soars-to-119-of-gdp-highest-level-since-1946_6758066_5.html,Denis Cosnard,True,https://img.lemde.fr/2026/09/29/0/0/6000/4000/664/442/75/0/bbb74d6_upload-1-vaaha4da3een-000-b3ma6f4.jpg,News
20,Are protest movements a boon for the French left?,"France's left-wing parties are hesitating on how to best engage with protests, aiming to drive social debate without appearing opportunistic.",https://www.lemonde.fr/en/politics/article/2026/09/29/are-protest-movements-a-boon-for-the-french-left_6758075_5.html,Robin Richardot,True,https://img.lemde.fr/2026/09/12/0/0/6000/4000/664/442/75/0/06d1339_upload-1-hldygeuo2nfd-cbi1334021.jpg,In Depth
21,Bardella denies report of antisemitic messages,The investigative media outlet Mediapart reported that Marine Le Pen's deputy Jordan Bardella made repeated antisemitic and conspiratorial comments in private conversations dating back to his early days with the party in 2013.,https://www.lemonde.fr/en/politics/article/2026/09/28/bardella-denies-report-of-antisemitic-messages_6758044_5.html,Clément Guillou and  Corentin Lesueur,True,https://img.lemde.fr/2026/09/18/2022/0/5333/3555/664/442/75/0/7c84dae_upload-1-v7vhkfwqelxc-jmug260918051.jpg,In Depth
22,France's presidential hopefuls can no longer ignore the country's debt,no description,https://www.lemonde.fr/en/opinion/article/2026/09/30/france-s-presidential-hopefuls-can-no-longer-ignore-the-country-s-debt_6758105_23.html,Le Monde,False,,Editorial
23,"Leïla Slimani: 'What can kill literature is not robots, but our lack of humanity'",no description,https://www.lemonde.fr/en/opinion/article/2026/09/29/leila-slimani-writer-what-can-kill-literature-is-not-robots-but-our-lack-of-humanity_6758059_23.html,Leïla Slimani,,,Op-Ed
24,'Prize-contending author Orélien's AI controversy challenges the literary world's postcard image of the solitary writer',no description,https://www.lemonde.fr/en/opinion/article/2026/09/27/prize-contending-author-orelien-s-ai-controversy-challenges-the-literary-world-s-postcard-image-of-the-solitary-writer_6758007_23.html,Michel Guerrin,,https://img.lemde.fr/2025/02/13/0/0/0/0/100/100/60/0/582cc7b_sirius-fs-upload-1-s35ik04v2mji-1739442860260-capture-da-a-cran-2025-02-13-113357.png,Column
